table_variables,table_anchors,no,pattern,non_cross,locality,ambiguity,strong,non_periodic
4,2,1,xxAxBy,+,1,+,-?,-?
4,2,2,xxAyBx,-,1,+,+,-?
4,2,3,xxAyBy,+,1,-,-?,-?
4,2,4,xAxByx,-,1,+,-?,-?
4,2,5,xAyBxy,-,2,+,+,-?
4,2,6,xAyByx,-,1,+,+,-?
4,2,7,xAxBxy,+,1,+,-?,-?
4,2,8,xAxxBy,+,1,+,-?,-?
4,2,9,xAxyBx,-,1,+,+,-?
4,2,10,xAxyBy,+,1,+,-?,-?
4,2,11,xAyxBy,-,2,-,-,-
4,2,12,xAyyBx,-,1,+,+,-?
5,2,1,xxxAxBy,+,1,+,-?,-?
5,2,2,xxxAyBx,-,1,+,+,-?
5,2,3,xxxAyBy,+,1,-,-?,-?
5,2,4,xAxByxx,-,1,+,-?,-?
5,2,5,xAyBxyy,-,2,-?,-?,-?
5,2,6,xAyByxx,-,1,-?,-?,-?
5,2,7,xAxBxyy,+,1,-?,-?,-?
5,2,8,xxAxxBy,+,1,+,-?,-?
5,2,9,xxAxyBx,-,1,+,+,-?
5,2,10,xxAxyBy,+,1,-?,-?,-?
5,2,11,xxAxBxy,+,1,+,-?,-?
5,2,12,xxAxByx,-,1,+,-?,-?
5,2,13,xxAxByy,+,1,+,-?,-?
5,2,14,xxAyxBx,-,1,+,-?,-?
5,2,15,xxAyxBy,-,2,-,-?,-?
5,2,16,xxAyyBx,-,1,+,-?,-?
5,2,17,xxAyyBy,+,1,+,-?,-?
5,2,18,xxAyBxx,-,1,+,+,-?
5,2,19,xxAyBxy,-,2,-?,-?,-?
5,2,20,xxAyByx,-,1,+,-?,-?
5,2,21,xAxBxyx,-,1,+,-?,-?
5,2,22,xAyByxy,-,2,-?,-?,-?
5,2,23,xAyBxyx,-,2,-?,-?,-?
5,2,24,xAxByxy,-,2,-?,-?,-?
5,2,25,xAxByyx,-,1,+,-?,-?
5,2,26,xAyBxxy,-,2,-?,-?,-?
5,2,27,xAyByyx,-,1,+,-?,-?
5,2,28,xAxBxxy,+,1,+,-?,-?
5,2,29,xAxxByx,-,1,+,-?,-?
5,2,30,xAyyBxy,-,2,-?,-?,-?
5,2,31,xAyxByx,-,2,-?,-?,-?
5,2,32,xAxyBxy,-,2,-?,-?,-?
5,2,33,xyAyBxy,-,2,-?,-?,-?
5,2,34,xyAxByx,-,2,-?,-?,-?
5,2,35,xAxyByx,-,1,+,-?,-?
5,2,36,xAyxBxy,-,2,-?,-?,-?
5,2,37,xAyyByx,-,1,-?,-?,-?
5,2,38,xAxxBxy,+,1,+,-?,-?
5,2,39,xyAyByx,-,1,+,+,-?
5,2,40,xAxxxBy,+,1,+,-?,-?
5,2,41,xAxxyBx,-,1,+,+,-?
5,2,42,xAxyyBy,+,1,+,-?,-?
5,2,43,xAxyxBx,-,1,+,-?,-?
5,2,44,xAxyxBy,-,2,-?,-?,-?
5,2,45,xAxyyBx,-,1,-?,-?,-?
5,2,46,xAyyxBy,-,2,-?,-?,-?
5,2,47,xAyxyBx,-,2,-?,-?,-?
5,2,48,xAyyyBx,-,1,+,-?,-?
5,3,1,xxAxBxCy,+,1,+,-?,-?
5,3,2,xxAxByCx,-,1,+,+,-?
5,3,3,xxAxByCy,+,1,-?,-?,-?
5,3,4,xxAyBxCx,-,1,+,-?,-?
5,3,5,xxAyBxCy,-,2,-?,-?,-?
5,3,6,xxAyByCx,-,1,-?,-?,-?
5,3,7,xxAyByCy,+,1,-?,-?,-?
5,3,8,xAxBxCyx,-,1,+,-?,-?
5,3,9,xAyByCxy,-,2,-?,-?,-?
5,3,10,xAyBxCyx,-,2,-?,-?,-?
5,3,11,xAxByCxy,-,2,-?,-?,-?
5,3,12,xAxByCyx,-,1,-?,-?,-?
5,3,13,xAyBxCxy,-,2,-?,-?,-?
5,3,14,xAyByCyx,-,1,-?,-?,-?
5,3,15,xAxBxCxy,+,1,+,-?,-?
5,3,16,xAxxBxCy,+,1,+,-?,-?
5,3,17,xAxxByCx,-,1,+,-?,-?
5,3,18,xAxByyCy,+,1,-?,-?,-?
5,3,19,xAxByxCx,-,1,+,-?,-?
5,3,20,xAxyBxCy,-,2,-?,-?,-?
5,3,21,xAxyByCx,-,1,-?,-?,-?
5,3,22,xAxBxyCy,+,1,-?,-?,-?
5,3,23,xAxBxxCy,+,1,+,-?,-?
5,3,24,xAxBxyCx,-,1,+,-?,-?
5,3,25,xAxByxCy,-,2,-?,-?,-?
5,3,26,xAxByyCx,-,1,-?,-?,-?
5,3,27,xAyByxCy,-,2,-?,-?,-?
5,3,28,xAyBxyCx,-,2,-?,-?,-?
5,3,29,xAyBxxCy,-,2,-?,-?,-?
5,3,30,xAyByyCx,-,1,-?,-?,-?
6,2,1,xxxxAxBy,+,1,+,-?,-?
6,2,2,xxxxAyBx,-,1,+,+,-?
6,2,3,xxxxAyBy,+,1,-?,-?,-?
6,2,4,xAxByxxx,-,1,+,-?,-?
6,2,5,xAyBxyyy,-,2,-?,-?,-?
6,2,6,xAyByxxx,-,1,-?,-?,-?
6,2,7,xAxBxyyy,+,1,-?,-?,-?
6,2,8,xxxAxxBy,+,1,+,-?,-?
6,2,9,xxxAxyBx,-,1,+,+,-?
6,2,10,xxxAxyBy,+,1,-?,-?,-?
6,2,11,xxxAxBxy,+,1,+,-?,-?
6,2,12,xxxAxByx,-,1,+,-?,-?
6,2,13,xxxAxByy,+,1,-?,-?,-?
6,2,14,xxxAyxBx,-,1,+,-?,-?
6,2,15,xxxAyxBy,-,2,-?,-?,-?
6,2,16,xxxAyyBx,-,1,+,+,-?
6,2,17,xxxAyyBy,+,1,-?,-?,-?
6,2,18,xxxAyBxx,-,1,+,+,-?
6,2,19,xxxAyBxy,-,2,-?,-?,-?
6,2,20,xxxAyByx,-,1,-?,-?,-?
6,2,21,xxxAyByy,+,1,-?,-?,-?
6,2,22,xAxBxyxx,-,1,+,-?,-?
6,2,23,xAyByxyy,-,2,-?,-?,-?
6,2,24,xAyBxyxx,-,2,+,-?,-?
6,2,25,xAxByxyy,-,2,-?,-?,-?
6,2,26,xAxByyxx,-,1,+,-?,-?
6,2,27,xAyBxxyy,-,2,+,+,-?
6,2,28,xAyByyxx,-,1,+,+,-?
6,2,29,xAxBxxyy,+,1,-?,-?,-?
6,2,30,xAxxByxx,-,1,+,-?,-?
6,2,31,xAyyBxyy,-,2,+,+,-?
6,2,32,xAyxByxx,-,2,+,+,-?
6,2,33,xAxyBxyy,-,2,-?,-?,-?
6,2,34,xxAxByxx,-,1,+,-?,-?
6,2,35,xyAyBxyy,-,2,+,+,-?
6,2,36,xyAxByxx,-,2,+,+,-?
6,2,37,xxAyBxyy,-,2,-?,-?,-?
6,2,38,xAxyByxx,-,1,+,+,-?
6,2,39,xAyxBxyy,-,2,-?,-?,-?
6,2,40,xAyyByxx,-,1,+,-?,-?
6,2,41,xAxxBxyy,+,1,-?,-?,-?
6,2,42,xxAyByxx,-,1,+,+,-?
6,2,43,xyAxBxyy,-,2,+,+,-?
6,2,44,xyAyByxx,-,1,+,+,-?
6,2,45,xxAxBxyy,+,1,-?,-?,-?
6,2,46,xxAxxxBy,+,1,+,-?,-?
6,2,47,xxAxxyBx,-,1,+,+,-?
6,2,48,xxAxxyBy,+,1,-?,-?,-?
6,2,49,xxAxxBxy,+,1,+,-?,-?
6,2,50,xxAxxByx,-,1,+,-?,-?
6,2,51,xxAxxByy,+,1,-?,-?,-?
6,2,52,xxAxyxBx,-,1,+,-?,-?
6,2,53,xxAxyxBy,-,2,-?,-?,-?
6,2,54,xxAxyyBx,-,1,+,-?,-?
6,2,55,xxAxyyBy,+,1,-?,-?,-?
6,2,56,xxAxyBxx,-,1,+,+,-?
6,2,57,xxAxyBxy,-,2,-?,-?,-?
6,2,58,xxAxyByx,-,1,-?,-?,-?
6,2,59,xxAxyByy,+,1,+,-?,-?
6,2,60,xxAxBxxy,+,1,+,-?,-?
6,2,61,xxAxBxyx,-,1,+,-?,-?
6,2,62,xxAxByxy,-,2,+,-?,-?
6,2,63,xxAxByyx,-,1,+,-?,-?
6,2,64,xxAyxxBx,-,1,+,-?,-?
6,2,65,xxAyxxBy,-,2,-?,-?,-?
6,2,66,xxAyxyBx,-,2,-?,-?,-?
6,2,67,xxAyxyBy,-,2,-?,-?,-?
6,2,68,xxAyxBxy,-,2,-?,-?,-?
6,2,69,xxAyxByx,-,2,-?,-?,-?
6,2,70,xxAyxByy,-,2,-?,-?,-?
6,2,71,xxAyyxBx,-,1,-?,-?,-?
6,2,72,xxAyyxBy,-,2,-?,-?,-?
6,2,73,xxAyyyBx,-,1,+,+,-?
6,2,74,xxAyyyBy,+,1,-?,-?,-?
6,2,75,xxAyyBxx,-,1,+,+,-?
6,2,76,xxAyyBxy,-,2,+,+,-?
6,2,77,xxAyyByx,-,1,+,+,-?
6,2,78,xxAyBxxy,-,2,+,+,-?
6,2,79,xxAyBxyx,-,2,+,+,-?
6,2,80,xxAyByxy,-,2,-?,-?,-?
6,2,81,xxAyByyx,-,1,-?,-?,-?
6,2,82,xAxBxxyx,-,1,+,-?,-?
6,2,83,xAyByyxy,-,2,-?,-?,-?
6,2,84,xAyBxxyx,-,2,-?,-?,-?
6,2,85,xAxByyxy,-,2,-?,-?,-?
6,2,86,xAxByxyx,-,2,-?,-?,-?
6,2,87,xAyBxyxy,-,3,+,+,-?
6,2,88,xAyByxyx,-,2,+,+,-?
6,2,89,xAxBxyxy,-,2,-?,-?,-?
6,2,90,xAxxBxyx,-,1,+,-?,-?
6,2,91,xAyyByxy,-,2,+,+,-?
6,2,92,xAyxBxyx,-,2,+,+,-?
6,2,93,xAxyByxy,-,2,+,-?,-?
6,2,94,xyAyByxy,-,2,+,+,-?
6,2,95,xyAxBxyx,-,2,+,+,-?
6,2,96,xAxyBxyx,-,2,+,+,-?
6,2,97,xAyxByxy,-,3,-?,-?,-?
6,2,98,xAyyBxyx,-,2,-?,-?,-?
6,2,99,xAxxByxy,-,2,-?,-?,-?
6,2,100,xyAxByxy,-,3,+,+,-?
6,2,101,xyAyBxyx,-,2,+,+,-?
6,2,102,xAxBxyyx,-,1,-?,-?,-?
6,2,103,xAyByxxy,-,2,+,+,-?
6,2,104,xAyBxyyx,-,2,+,+,-?
6,2,105,xAxByxxy,-,2,-?,-?,-?
6,2,106,xAxByyyx,-,1,-?,-?,-?
6,2,107,xAyBxxxy,-,2,+,-?,-?
6,2,108,xAyByyyx,-,1,+,-?,-?
6,2,109,xAxBxxxy,+,1,+,-?,-?
6,2,110,xAxxByyx,-,1,-?,-?,-?
6,2,111,xAyyBxxy,-,2,-?,-?,-?
6,2,112,xAyxByyx,-,2,-?,-?,-?
6,2,113,xAxyBxxy,-,2,+,+,-?
6,2,114,xyAyBxxy,-,2,+,+,-?
6,2,115,xyAxByyx,-,2,+,+,-?
6,2,116,xAxyByyx,-,1,+,-?,-?
6,2,117,xAyxBxxy,-,2,+,+,-?
6,2,118,xAyyByyx,-,1,+,+,-?
6,2,119,xAxxBxxy,+,1,+,-?,-?
6,2,120,xyAxBxxy,-,2,+,+,-?
6,2,121,xyAyByyx,-,1,+,+,-?
6,2,122,xAxxxByx,-,1,+,-?,-?
6,2,123,xAyyyBxy,-,2,-?,-?,-?
6,2,124,xAyxxByx,-,2,-?,-?,-?
6,2,125,xAxyyBxy,-,2,+,+,-?
6,2,126,xyAyyBxy,-,2,-?,-?,-?
6,2,127,xyAxxByx,-,2,-?,-?,-?
6,2,128,xAxyxByx,-,2,-?,-?,-?
6,2,129,xAyxyBxy,-,3,+,+,-?
6,2,130,xAyyxByx,-,2,+,+,-?
6,2,131,xAxxyBxy,-,2,-?,-?,-?
6,2,132,xyAxyBxy,-,3,+,+,+
6,2,133,xyAyxByx,-,2,+,+,-?
6,2,134,xAxxyByx,-,1,-?,-?,-?
6,2,135,xAyyxBxy,-,2,+,+,-?
6,2,136,xAyxyByx,-,2,+,+,-?
6,2,137,xAxyxBxy,-,2,-?,-?,-?
6,2,138,xyAyxBxy,-,2,+,+,-?
6,2,139,xAxyyByx,-,1,+,+,-?
6,2,140,xAyxxBxy,-,2,-?,-?,-?
6,2,141,xAyyyByx,-,1,-?,-?,-?
6,2,142,xAxxxBxy,+,1,+,-?,-?
6,2,143,xyAyyByx,-,1,+,-?,-?
6,2,144,xAxxxxBy,+,1,+,-?,-?
6,2,145,xAxxxyBx,-,1,+,-?,-?
6,2,146,xAxyyyBy,+,1,-?,-?,-?
6,2,147,xAxyxxBx,-,1,+,-?,-?
6,2,148,xAxxyxBy,-,2,+,-?,-?
6,2,149,xAxxyyBx,-,1,+,-?,-?
6,2,150,xAxxyyBy,+,1,+,-?,-?
6,2,151,xAxyxxBy,-,2,-?,-?,-?
6,2,152,xAxyxyBx,-,2,-?,-?,-?
6,2,153,xAxyxyBy,-,2,+,-?,-?
6,2,154,xAxyyxBx,-,1,+,-?,-?
6,2,155,xAxyyxBy,-,2,-,-?,-?
6,2,156,xAxyyyBx,-,1,+,-?,-?
6,2,157,xAyyyxBy,-,2,-?,-?,-?
6,2,158,xAyxxyBx,-,2,-?,-?,-?
6,2,159,xAyxyxBy,-,3,-,-?,-?
6,2,160,xAyyxyBx,-,2,-?,-?,-?
6,2,161,xAyyxxBy,-,2,-,-?,-?
6,2,162,xAyyyyBx,-,1,+,-?,-?
6,3,1,xxxAxBxCy,+,1,+,-?,-?
6,3,2,xxxAxByCx,-,1,+,+,-?
6,3,3,xxxAxByCy,+,1,-?,-?,-?
6,3,4,xxxAyBxCx,-,1,+,-?,-?
6,3,5,xxxAyBxCy,-,2,-?,-?,-?
6,3,6,xxxAyByCx,-,1,-?,-?,-?
6,3,7,xxxAyByCy,+,1,-?,-?,-?
6,3,8,xAxBxCyxx,-,1,+,-?,-?
6,3,9,xAyByCxyy,-,2,-?,-?,-?
6,3,10,xAyBxCyxx,-,2,-?,-?,-?
6,3,11,xAxByCxyy,-,2,-?,-?,-?
6,3,12,xAxByCyxx,-,1,-?,-?,-?
6,3,13,xAyBxCxyy,-,2,-?,-,-?
6,3,14,xAyByCyxx,-,1,-?,-?,-?
6,3,15,xAxBxCxyy,+,1,-?,-?,-?
6,3,16,xxAxxBxCy,+,1,+,-?,-?
6,3,17,xxAxxByCx,-,1,+,+,-?
6,3,18,xxAxxByCy,+,1,-?,-?,-?
6,3,19,xxAxyBxCx,-,1,+,-?,-?
6,3,20,xxAxyBxCy,-,2,-?,-?,-?
6,3,21,xxAxyByCx,-,1,-?,-?,-?
6,3,22,xxAxyByCy,+,1,-?,-?,-?
6,3,23,xxAxBxxCy,+,1,+,-?,-?
6,3,24,xxAxBxyCx,-,1,+,+,-?
6,3,25,xxAxBxyCy,+,1,-?,-?,-?
6,3,26,xxAxBxCxy,+,1,+,-?,-?
6,3,27,xxAxBxCyx,-,1,+,-?,-?
6,3,28,xxAxBxCyy,+,1,-?,-?,-?
6,3,29,xxAxByxCx,-,1,+,-?,-?
6,3,30,xxAxByxCy,-,2,-?,-?,-?
6,3,31,xxAxByyCx,-,1,-?,-?,-?
6,3,32,xxAxByyCy,+,1,-?,-?,-?
6,3,33,xxAxByCxx,-,1,+,+,-?
6,3,34,xxAxByCxy,-,2,-?,-?,-?
6,3,35,xxAxByCyx,-,1,-?,-?,-?
6,3,36,xxAxByCyy,+,1,-?,-?,-?
6,3,37,xxAyxBxCx,-,1,+,-?,-?
6,3,38,xxAyxBxCy,-,2,-?,-?,-?
6,3,39,xxAyxByCx,-,2,-?,-?,-?
6,3,40,xxAyxByCy,-,2,-?,-?,-?
6,3,41,xxAyyBxCx,-,1,-?,-?,-?
6,3,42,xxAyyBxCy,-,2,-?,-?,-?
6,3,43,xxAyyByCx,-,1,+,+,-?
6,3,44,xxAyyByCy,+,1,-?,-?,-?
6,3,45,xxAyBxxCx,-,1,+,-?,-?
6,3,46,xxAyBxxCy,-,2,-?,-?,-?
6,3,47,xxAyBxyCx,-,2,-?,-?,-?
6,3,48,xxAyBxyCy,-,2,-?,-?,-?
6,3,49,xxAyBxCxy,-,2,-?,-?,-?
6,3,50,xxAyBxCyx,-,2,-?,-?,-?
6,3,51,xxAyBxCyy,-,2,-?,-?,-?
6,3,52,xxAyByxCx,-,1,-?,-?,-?
6,3,53,xxAyByxCy,-,2,-,-,-
6,3,54,xxAyByyCx,-,1,-?,-?,-?
6,3,55,xxAyByyCy,+,1,-?,-?,-?
6,3,56,xxAyByCxx,-,1,+,+,-?
6,3,57,xxAyByCxy,-,2,-?,-?,-?
6,3,58,xxAyByCyx,-,1,-?,-?,-?
6,3,59,xAxBxCxyx,-,1,+,-?,-?
6,3,60,xAyByCyxy,-,2,-?,-?,-?
6,3,61,xAyBxCxyx,-,2,-?,-?,-?
6,3,62,xAxByCyxy,-,2,-?,-?,-?
6,3,63,xAxByCxyx,-,2,-?,-?,-?
6,3,64,xAyBxCyxy,-,3,-?,-,-?
6,3,65,xAyByCxyx,-,2,-?,-?,-?
6,3,66,xAxBxCyxy,-,2,-?,-?,-?
6,3,67,xAxBxCyyx,-,1,-?,-?,-?
6,3,68,xAyByCxxy,-,2,-?,-?,-?
6,3,69,xAyBxCyyx,-,2,-?,-?,-?
6,3,70,xAxByCxxy,-,2,-?,-?,-?
6,3,71,xAxByCyyx,-,1,-?,-?,-?
6,3,72,xAyBxCxxy,-,2,-?,-?,-?
6,3,73,xAyByCyyx,-,1,-?,-?,-?
6,3,74,xAxBxCxxy,+,1,+,-?,-?
6,3,75,xAxBxxCyx,-,1,+,-?,-?
6,3,76,xAyByyCxy,-,2,-?,-?,-?
6,3,77,xAyBxxCyx,-,2,-?,-?,-?
6,3,78,xAxByyCxy,-,2,-?,-?,-?
6,3,79,xAxByxCyx,-,2,-?,-?,-?
6,3,80,xAyBxyCxy,-,3,+,+,-?
6,3,81,xAyByxCyx,-,2,+,+,-?
6,3,82,xAxBxyCxy,-,2,-?,-?,-?
6,3,83,xAxxBxCyx,-,1,+,-?,-?
6,3,84,xAyyByCxy,-,2,-?,-?,-?
6,3,85,xAyxBxCyx,-,2,-?,-?,-?
6,3,86,xAxyByCxy,-,2,-?,+,-?
6,3,87,xyAyByCxy,-,2,-?,-?,-?
6,3,88,xyAxBxCyx,-,2,-?,-?,-?
6,3,89,xAxyBxCyx,-,2,-?,-?,-?
6,3,90,xAyxByCxy,-,3,-?,-,-?
6,3,91,xAyyBxCyx,-,2,-?,-?,-?
6,3,92,xAxxByCxy,-,2,-?,-?,-?
6,3,93,xyAxByCxy,-,3,+,+,-?
6,3,94,xyAyBxCyx,-,2,+,+,-?
6,3,95,xAxBxyCyx,-,1,-?,-?,-?
6,3,96,xAyByxCxy,-,2,+,+,-?
6,3,97,xAyBxyCyx,-,2,+,+,-?
6,3,98,xAxByxCxy,-,2,-?,-?,-?
6,3,99,xAxByyCyx,-,1,-?,-?,-?
6,3,100,xAyBxxCxy,-,2,-?,-?,-?
6,3,101,xAyByyCyx,-,1,-?,-?,-?
6,3,102,xAxBxxCxy,+,1,+,-?,-?
6,3,103,xAxxByCyx,-,1,-?,-?,-?
6,3,104,xAyyBxCxy,-,2,-?,-?,-?
6,3,105,xAyxByCyx,-,2,-?,-?,-?
6,3,106,xAxyBxCxy,-,2,-?,-?,-?
6,3,107,xyAyBxCxy,-,2,+,+,-?
6,3,108,xAxyByCyx,-,1,-?,-?,-?
6,3,109,xAyxBxCxy,-,2,-?,-?,-?
6,3,110,xAyyByCyx,-,1,-?,-?,-?
6,3,111,xAxxBxCxy,+,1,+,-?,-?
6,3,112,xyAyByCyx,-,1,-?,-?,-?
6,3,113,xAxxxBxCy,+,1,+,-?,-?
6,3,114,xAxxxByCx,-,1,+,-?,-?
6,3,115,xAxByyyCy,+,1,-?,-?,-?
6,3,116,xAxByxxCx,-,1,+,-?,-?
6,3,117,xAxxyBxCy,-,2,-?,-?,-?
6,3,118,xAxxyByCx,-,1,-?,-?,-?
6,3,119,xAxBxyyCy,+,1,-?,-?,-?
6,3,120,xAxxBxxCy,+,1,+,-?,-?
6,3,121,xAxxBxyCx,-,1,+,-?,-?
6,3,122,xAxyByyCy,+,1,-?,-?,-?
6,3,123,xAxyBxxCx,-,1,+,-?,-?
6,3,124,xAxxByxCy,-,2,-?,-?,-?
6,3,125,xAxxByyCx,-,1,-?,-?,-?
6,3,126,xAxxByyCy,+,1,-?,-?,-?
6,3,127,xAxBxyxCx,-,1,+,-?,-?
6,3,128,xAxyxBxCy,-,2,-?,-?,-?
6,3,129,xAxyxByCx,-,2,-?,-?,-?
6,3,130,xAxByxyCy,-,2,-?,-?,-?
6,3,131,xAxByyxCx,-,1,-?,-?,-?
6,3,132,xAxyyBxCy,-,2,-,-,-
6,3,133,xAxyyByCx,-,1,-?,-?,-?
6,3,134,xAxBxxyCy,+,1,-?,-?,-?
6,3,135,xAxyBxxCy,-,2,-?,-?,-?
6,3,136,xAxyBxyCx,-,2,-?,-?,-?
6,3,137,xAxyBxyCy,-,2,-?,-?,-?
6,3,138,xAxyByxCx,-,1,-?,-?,-?
6,3,139,xAxyByxCy,-,2,-,-,-
6,3,140,xAxyByyCx,-,1,-?,-?,-?
6,3,141,xAxBxxxCy,+,1,+,-?,-?
6,3,142,xAxBxxyCx,-,1,+,-?,-?
6,3,143,xAxBxyxCy,-,2,-?,-?,-?
6,3,144,xAxBxyyCx,-,1,-?,-?,-?
6,3,145,xAxByxxCy,-,2,-?,-?,-?
6,3,146,xAxByxyCx,-,2,-?,-?,-?
6,3,147,xAxByyxCy,-,2,-?,-,-
6,3,148,xAxByyyCx,-,1,-?,-?,-?
6,3,149,xAyByyxCy,-,2,-?,-?,-?
6,3,150,xAyBxxyCx,-,2,-?,-?,-?
6,3,151,xAyBxyxCy,-,3,-,-,-
6,3,152,xAyByxyCx,-,2,-?,-?,-?
6,3,153,xAyyByxCy,-,2,-?,-?,-?
6,3,154,xAyxBxyCx,-,2,-?,-?,-?
6,3,155,xAyxByxCy,-,3,-,-?,-?
6,3,156,xAyyBxyCx,-,2,-?,-?,-?
6,3,157,xAyByxxCy,-,2,-,-,-
6,3,158,xAyBxyyCx,-,2,-?,-?,-?
6,3,159,xAyBxxxCy,-,2,-?,-?,-?
6,3,160,xAyByyyCx,-,1,-?,-?,-?
6,3,161,xAyyBxxCy,-,2,-,-?,-?
6,3,162,xAyyByyCx,-,1,+,-?,-?
